Reaction,K,rxnname
GLCt1,250.2542882,GLUT
HEX1,3333.163412,HK
PGI,0.503701474,GPI
PFK,1215.838942,PFK
FBA,6.49989E-05,ALDO
TPI,0.04661644,TPI
GAPD,0.006697744,GAPDH
PGK,497.432672,PGK
PGM,0.169493958,PGAM
ENO,3.635926643,ENO
PYK,80196.6657,PK
