Reaction,K,rxnname
GLCt1r,250.2542882,GLUT
HEX1,6915.722657,HK
PGI,0.503701474,GPI
PFK,2522.650072,PFK
FBA,6.49989E-05,ALDO
TPI,0.04661644,TPI
GAPD,0.002086103,GAPDH
PGK,239.5997362,PGK
PGM,0.169493958,PGAM
ENO,3.635926643,ENO
PYK,38628.54418,PK
