Proteomics,Transcriptomics
0.190506613,0.15264086
0.514131893,0.82231222
1.726433653,1.369534049
5.809968271,2432.725898
0.007351355,0.001470007
3.124051943,21.52517529
0.32589287,2.39470511
512.8901793,636.8028927
0.02163615,0.011576293
0.395475345,0.181910158
