Reaction,K,rxnname
ACONT,0.048557727,ACONT
ICDHyr,0.050595356,ICDHyr
AKGDH,174642.3463,AKGDH
SUCOAS,0.142189132,SUCOAS
SUCDi,4.969935924,SUCDi
FUM,3.890513248,FUM
MDH,0.000396367,MDH
